{"stat.chestOpened":1,"stat.leaveGame":9,"stat.pickup.hbm.battery_advanced":2,"stat.useItem.hbm.radx":1,"stat.pickup.hbm.circuit_targeting_tier3":2,"stat.pickup.hbm.circuit_targeting_tier1":2,"stat.pickup.minecraft.flower_pot":2,"stat.useItem.minecraft.diamond_sword":9,"stat.pickup.hbm.ammo_20gauge":12,"stat.jump":679,"stat.pickup.minecraft.iron_ingot":12,"stat.pickup.sgcraft.gdo":2,"stat.crouchOneCm":1774,"stat.pickup.hbm.scrap":2,"stat.useItem.minecraft.stone_slab2":1991,"stat.pickup.securitycraft.lens":5,"stat.craftingTableInteraction":2,"stat.pickup.hbm.red_barrel":2,"stat.pickup.hbm.casing_50":14,"stat.pickup.minecraft.end_portal_frame":1,"stat.pickup.hbm.battery_advanced_cell":2,"stat.pickup.minecraft.ender_eye":2,"stat.pickup.hbm.cap_nuka":22,"stat.pickup.hbm.gun_revolver_ammo":12,"stat.pickup.minecraft.diamond_leggings":1,"stat.flyOneCm":1324596,"stat.useItem.minecraft.ender_pearl":2,"stat.pickup.minecraft.wheat_seeds":4,"stat.useItem.securitycraft.redstone_module":2,"stat.killEntity.Shulker":1,"stat.useItem.sgcraft.sgirisupgrade":1,"stat.useItem.hbm.blast_door":26,"stat.damageDealt":296,"stat.pickup.hbm.gun_kit_1":6,"stat.timeSinceDeath":174037,"stat.useItem.sgcraft.sgchevronupgrade":2,"stat.pickup.malisisdoors.factory_door":1,"stat.craftItem.securitycraft.lens":6,"stat.pickup.minecraft.shulker_shell":1,"stat.pickup.sgcraft.pdd":1,"stat.useItem.minecraft.iron_bars":16,"stat.walkOneCm":1278013,"stat.pickup.hbm.ingot_beryllium":4,"stat.pickup.sgcraft.stargatering":1,"stat.pickup.minecraft.wooden_axe":4,"stat.pickup.minecraft.diamond_pickaxe":1,"stat.pickup.hbm.reinforced_glass":1,"stat.pickup.hbm.canister_fuel":4,"stat.pickup.sgcraft.stargatecontroller":2,"stat.useItem.securitycraft.smart_module":3,"stat.drop.minecraft.iron_block":2,"stat.pickup.securitycraft.keycard_lv5":1,"stat.pickup.minecraft.stone":1,"stat.sprintOneCm":26958,"stat.pickup.minecraft.banner":1,"stat.pickup.minecraft.gold_ingot":8,"stat.pickup.hbm.bottle_nuka":12,"stat.pickup.minecraft.potion":2,"stat.useItem.minecraft.flint_and_steel":1,"stat.pickup.hbm.ingot_steel":8,"stat.pickup.hbm.ammo_rocket":6,"stat.pickup.minecraft.bread":2,"stat.useItem.minecraft.ender_eye":18,"stat.mobKills":1,"stat.pickup.minecraft.emerald":2,"stat.deaths":1,"stat.drop":5,"stat.pickup.minecraft.diamond":2,"stat.playOneMinute":442649,"stat.pickup.minecraft.torch":160,"stat.pickup.sgcraft.configurator":1,"stat.sneakTime":2774,"stat.pickup.hbm.blast_door":14,"stat.pickup.minecraft.iron_block":2,"stat.pickup.minecraft.sea_lantern":1,"stat.useItem.securitycraft.camera_monitor":16,"stat.pickup.minecraft.netherrack":1,"stat.drop.minecraft.wooden_axe":3}